id,name
1,Koss-Bechtelar
2,Little Group
3,Weber LLC
4,Mills and Sons
5,Morar-Thiel
6,Rogahn Group
7,"Nolan, Von and Hartmann"
8,Hodkiewicz and Sons
9,"Wolff, Rodriguez and Kertzmann"
10,Schuppe Inc
11,"Konopelski, Orn and Hudson"
12,Blanda-Runolfsson
13,"Altenwerth, Wiza and Cremin"
14,"Wilkinson, Schmitt and Feeney"
15,"Lind, Pfannerstill and Dooley"
16,Goyette Inc
17,Denesik-Hermann
18,"Wisoky, Green and Zboncak"
19,Cassin-Carroll
20,Gottlieb-Kling
21,Halvorson Inc
22,Kutch and Sons
23,"Leuschke, Muller and Harvey"
24,Schamberger-Lebsack
25,McLaughlin-Emmerich
26,"Breitenberg, Kerluke and O'Keefe"
27,Abshire Group
28,"Hagenes, O'Keefe and Prosacco"
29,"Zulauf, Heidenreich and Bins"
30,"Bailey, Doyle and Lynch"
31,Ferry Inc
32,Collier Group
33,"Hammes, Bahringer and MacGyver"
34,"Hoeger, Ortiz and Rempel"
35,Lebsack and Sons
36,"Wiza, Baumbach and Yundt"
37,Stehr-Hyatt
38,Prohaska LLC
39,Mann-Goyette
40,Wilderman-Smitham
41,Schmidt Inc
42,Kunde Inc
43,Mosciski Group
44,Dicki Group
45,"Heidenreich, Osinski and Cummerata"
46,"Reichel, Cassin and Ratke"
47,"Terry, Marks and Wyman"
48,Cassin-Trantow
49,Tremblay Inc
50,"Schiller, Hintz and Bernhard"
51,"Friesen, Baumbach and Bogisich"
52,"Larkin, Sauer and Reilly"
53,Casper-Langosh
54,"Howe, Herman and Kuhn"
55,Larson LLC
56,Gottlieb-Botsford
57,Murazik Inc
58,Mosciski Group
59,"Weber, Bergstrom and Sanford"
60,"Windler, Lubowitz and Cronin"
61,"Weber, Lueilwitz and Terry"
62,Mertz-Bode
63,Mayert and Sons
64,Rolfson-Lebsack
65,Spinka and Sons
66,Huels-Monahan
67,Dickens-Hammes
68,"Metz, Doyle and Stanton"
69,Wolff-Crona
70,"Bashirian, Boyle and O'Reilly"
71,Schuppe-Raynor
72,Hartmann-Witting
73,"McLaughlin, Pfannerstill and West"
74,Considine-Braun
75,"Durgan, Fisher and Kerluke"
76,"Bogan, Osinski and Nolan"
77,"Steuber, Pacocha and Roberts"
78,Nolan LLC
79,Abbott Inc
80,Cassin-Barton
81,Spencer-Hand
82,Grady-Christiansen
83,Grady-Hartmann
84,Cronin and Sons
85,Reinger Inc
86,Kihn Group
87,"Borer, Jaskolski and Kertzmann"
88,Vandervort-Nikolaus
89,"Kemmer, Franecki and Torphy"
90,"Rempel, Weimann and Jacobs"
91,"Windler, Grimes and Hyatt"
92,Schaefer-O'Hara
93,Gottlieb LLC
94,"Hills, Kuphal and Spinka"
95,Stiedemann Inc
96,Walter-Spinka
97,Mayert Inc
98,Stehr LLC
99,Rodriguez Inc
100,Cartwright and Sons